process_variance,process_index,rotation_index,window,policy,policy_class,mean_mse,seed_standard_error,independent_seeds
0.0,0,0,whole,raw,raw,5.003912094344168,0.014483744606845862,32
0.0,0,0,whole,ema_q0p9,fixed_uniform_EMA,0.2712226751537433,0.0031207821369980846,32
0.0,0,0,whole,ema_q0p99,fixed_uniform_EMA,0.08349905095851765,0.014186563644568904,32
0.0,0,0,whole,ema_q0p999,fixed_uniform_EMA,0.5968955281808717,0.1457966359793957,32
0.0,0,0,whole,dema_q0p9,signed_uniform_DEMA,0.6405084131395433,0.004763006184821787,32
0.0,0,0,whole,dema_q0p99,signed_uniform_DEMA,0.09198362728568968,0.007807613537920217,32
0.0,0,0,whole,dema_q0p999,signed_uniform_DEMA,0.29945028444654576,0.07174440973907614,32
0.0,0,0,whole,common_kalman,model_based_common_control,0.009862795673166322,0.0007581237120226037,32
0.0,0,0,whole,useful_oracle_kalman,generating_direction_oracle,0.009862795673166256,0.0007581237120225992,32
0.0,0,0,whole,scalar_k0,scalar_mixture,0.08349905095851765,0.014186563644568904,32
0.0,0,0,whole,scalar_k0p5,scalar_mixture,0.5157663997713083,0.004234074609757734,32
0.0,0,0,whole,scalar_k0p9,scalar_mixture,0.4383656654835345,0.00313786708855458,32
0.0,0,0,whole,scalar_k1,scalar_mixture,0.2712226751537433,0.003120782136998084,32
0.0,0,0,whole,oracle_useful,generating_direction_oracle,0.1174026859381316,0.01444319043569971,32
0.0,0,0,whole,oracle_nuisance,generating_direction_oracle,0.2373190401741294,0.004462305146883044,32
0.0,0,0,whole,native_i17,native_learned_direction,0.2286512030213264,0.003028368103848261,32
0.0,0,0,whole,native_cp,native_learned_direction,0.22873723955364145,0.003046470450071525,32
0.0,0,0,whole,native_cp_star,native_learned_direction,0.6411070606575735,0.004532115307225965,32
0.0,0,0,whole,oracle_useful_star,generating_direction_oracle,0.2204229806954825,0.014492594117124918,32
0.0,0,0,startup,raw,raw,4.9035316037743275,0.10024647159025608,32
0.0,0,0,startup,ema_q0p9,fixed_uniform_EMA,0.48029515802742484,0.06146866717670451,32
0.0,0,0,startup,ema_q0p99,fixed_uniform_EMA,2.076082140615214,0.5040574336951541,32
0.0,0,0,startup,ema_q0p999,fixed_uniform_EMA,4.323248238784107,1.066862495959856,32
0.0,0,0,startup,dema_q0p9,signed_uniform_DEMA,0.7216904737811962,0.0428586466289455,32
0.0,0,0,startup,dema_q0p99,signed_uniform_DEMA,1.0817882794111429,0.25440746765830674,32
0.0,0,0,startup,dema_q0p999,signed_uniform_DEMA,3.9214905884147373,0.9662127360285987,32
0.0,0,0,startup,common_kalman,model_based_common_control,0.2434527151056623,0.026448831029633184,32
0.0,0,0,startup,useful_oracle_kalman,generating_direction_oracle,0.24345271510566233,0.026448831029633177,32
0.0,0,0,startup,scalar_k0,scalar_mixture,2.076082140615214,0.5040574336951541,32
0.0,0,0,startup,scalar_k0p5,scalar_mixture,1.0522837639191196,0.13271892586072206,32
0.0,0,0,startup,scalar_k0p9,scalar_mixture,0.5747380370822311,0.04385635386557167,32
0.0,0,0,startup,scalar_k1,scalar_mixture,0.48029515802742484,0.061468667176704496,32
0.0,0,0,startup,oracle_useful,generating_direction_oracle,1.6275362094323829,0.5083857670544947,32
0.0,0,0,startup,oracle_nuisance,generating_direction_oracle,0.9288410892102561,0.11909786656054047,32
0.0,0,0,startup,native_i17,native_learned_direction,0.6486703641757698,0.08964857746465917,32
0.0,0,0,startup,native_cp,native_learned_direction,0.6539668577959243,0.08932463556801629,32
0.0,0,0,startup,native_cp_star,native_learned_direction,0.8432485322790024,0.0818793039543819,32
0.0,0,0,startup,oracle_useful_star,generating_direction_oracle,1.6860701282749875,0.5092275677959207,32
0.0,0,0,transition,raw,raw,4.998497274609449,0.03378402254242504,32
0.0,0,0,transition,ema_q0p9,fixed_uniform_EMA,0.2695903855835905,0.00534329729980188,32
0.0,0,0,transition,ema_q0p99,fixed_uniform_EMA,0.05739357185596231,0.0073284423354961995,32
0.0,0,0,transition,ema_q0p999,fixed_uniform_EMA,1.803219116411379,0.44150685550656155,32
0.0,0,0,transition,dema_q0p9,signed_uniform_DEMA,0.6455101159213881,0.009893511344710977,32
0.0,0,0,transition,dema_q0p99,signed_uniform_DEMA,0.07994714766052195,0.006749219679426642,32
0.0,0,0,transition,dema_q0p999,signed_uniform_DEMA,0.708950376936538,0.17045537624315424,32
0.0,0,0,transition,common_kalman,model_based_common_control,0.009786149062353224,0.0008997908060851319,32
0.0,0,0,transition,useful_oracle_kalman,generating_direction_oracle,0.009786149062353136,0.0008997908060851349,32
0.0,0,0,transition,scalar_k0,scalar_mixture,0.05739357185596231,0.007328442335496198,32
0.0,0,0,transition,scalar_k0p5,scalar_mixture,0.5066038132659229,0.003876007193019307,32
0.0,0,0,transition,scalar_k0p9,scalar_mixture,0.43847523721677184,0.0058238771390439256,32
0.0,0,0,transition,scalar_k1,scalar_mixture,0.2695903855835905,0.005343297299801881,32
0.0,0,0,transition,oracle_useful,generating_direction_oracle,0.09779499526896027,0.007753402298236873,32
0.0,0,0,transition,oracle_nuisance,generating_direction_oracle,0.2291889621705925,0.006014686558875598,32
0.0,0,0,transition,native_i17,native_learned_direction,0.2193204382331424,0.0043893705364027044,32
0.0,0,0,transition,native_cp,native_learned_direction,0.21924205002719493,0.004388712819479765,32
0.0,0,0,transition,native_cp_star,native_learned_direction,0.6287503435931895,0.007676363475714431,32
0.0,0,0,transition,oracle_useful_star,generating_direction_oracle,0.20173391743046068,0.008128483884192395,32
0.0,0,0,late,raw,raw,5.008882556616911,0.01755102214427831,32
0.0,0,0,late,ema_q0p9,fixed_uniform_EMA,0.26474327926233315,0.0023518050102707445,32
0.0,0,0,late,ema_q0p99,fixed_uniform_EMA,0.024911258367394377,0.0008323685832639291,32
0.0,0,0,late,ema_q0p999,fixed_uniform_EMA,0.11078669469161165,0.026474768645067714,32
0.0,0,0,late,dema_q0p9,signed_uniform_DEMA,0.6363018336169348,0.004689146572240624,32
0.0,0,0,late,dema_q0p99,signed_uniform_DEMA,0.06260108276905824,0.0015786694913290332,32
0.0,0,0,late,dema_q0p999,signed_uniform_DEMA,0.055865579900608434,0.012471032678273571,32
0.0,0,0,late,common_kalman,model_based_common_control,0.0020994590086603863,0.0002977169896902188,32
0.0,0,0,late,useful_oracle_kalman,generating_direction_oracle,0.0020994590086603243,0.00029771698969021325,32
0.0,0,0,late,scalar_k0,scalar_mixture,0.024911258367394374,0.000832368583263929,32
0.0,0,0,late,scalar_k0p5,scalar_mixture,0.5006312635846635,0.0020294868206599333,32
0.0,0,0,late,scalar_k0p9,scalar_mixture,0.4337870482436068,0.002883130711323183,32
0.0,0,0,late,scalar_k1,scalar_mixture,0.26474327926233315,0.0023518050102707454,32
0.0,0,0,late,oracle_useful,generating_direction_oracle,0.07294720902240799,0.0011106440788712475,32
0.0,0,0,late,oracle_nuisance,generating_direction_oracle,0.21670732860731956,0.0022520446705224643,32
0.0,0,0,late,native_i17,native_learned_direction,0.21744979375263349,0.002249825776810308,32
0.0,0,0,late,native_cp,native_learned_direction,0.2174114758034993,0.002249316293493092,32
0.0,0,0,late,native_cp_star,native_learned_direction,0.6380760267228411,0.004331904177024873,32
0.0,0,0,late,oracle_useful_star,generating_direction_oracle,0.17717479475567216,0.0016262272193152058,32
0.0,0,1,whole,raw,raw,5.003912094344168,0.014483744606845855,32
0.0,0,1,whole,ema_q0p9,fixed_uniform_EMA,0.2712226751537433,0.003120782136998085,32
0.0,0,1,whole,ema_q0p99,fixed_uniform_EMA,0.08349905095851766,0.014186563644568911,32
0.0,0,1,whole,ema_q0p999,fixed_uniform_EMA,0.5968955281808717,0.1457966359793958,32
0.0,0,1,whole,dema_q0p9,signed_uniform_DEMA,0.6405084131395433,0.004763006184821791,32
0.0,0,1,whole,dema_q0p99,signed_uniform_DEMA,0.0919836272856897,0.007807613537920222,32
0.0,0,1,whole,dema_q0p999,signed_uniform_DEMA,0.2994502844465453,0.07174440973907603,32
0.0,0,1,whole,common_kalman,model_based_common_control,0.009862795673166318,0.000758123712022603,32
0.0,0,1,whole,useful_oracle_kalman,generating_direction_oracle,0.009862795673166256,0.0007581237120225992,32
0.0,0,1,whole,scalar_k0,scalar_mixture,0.08349905095851766,0.01418656364456891,32
0.0,0,1,whole,scalar_k0p5,scalar_mixture,0.5157663997713082,0.004234074609757736,32
0.0,0,1,whole,scalar_k0p9,scalar_mixture,0.4383656654835345,0.0031378670885545785,32
0.0,0,1,whole,scalar_k1,scalar_mixture,0.2712226751537433,0.0031207821369980833,32
0.0,0,1,whole,oracle_useful,generating_direction_oracle,0.11740268593813163,0.014443190435699717,32
0.0,0,1,whole,oracle_nuisance,generating_direction_oracle,0.2373190401741294,0.004462305146883043,32
0.0,0,1,whole,native_i17,native_learned_direction,0.2286512030213264,0.003028368103848258,32
0.0,0,1,whole,native_cp,native_learned_direction,0.22873723955364145,0.0030464704500715234,32
0.0,0,1,whole,native_cp_star,native_learned_direction,0.6411070606575735,0.004532115307225964,32
0.0,0,1,whole,oracle_useful_star,generating_direction_oracle,0.2204229806954825,0.014492594117124925,32
0.0,0,1,startup,raw,raw,4.9035316037743275,0.1002464715902561,32
0.0,0,1,startup,ema_q0p9,fixed_uniform_EMA,0.48029515802742484,0.06146866717670451,32
0.0,0,1,startup,ema_q0p99,fixed_uniform_EMA,2.076082140615214,0.5040574336951543,32
0.0,0,1,startup,ema_q0p999,fixed_uniform_EMA,4.323248238784105,1.0668624959598554,32
0.0,0,1,startup,dema_q0p9,signed_uniform_DEMA,0.7216904737811962,0.0428586466289455,32
0.0,0,1,startup,dema_q0p99,signed_uniform_DEMA,1.0817882794111435,0.25440746765830724,32
0.0,0,1,startup,dema_q0p999,signed_uniform_DEMA,3.921490588414735,0.9662127360285975,32
0.0,0,1,startup,common_kalman,model_based_common_control,0.2434527151056623,0.026448831029633177,32
0.0,0,1,startup,useful_oracle_kalman,generating_direction_oracle,0.2434527151056623,0.026448831029633177,32
0.0,0,1,startup,scalar_k0,scalar_mixture,2.076082140615214,0.5040574336951543,32
0.0,0,1,startup,scalar_k0p5,scalar_mixture,1.0522837639191198,0.1327189258607221,32
0.0,0,1,startup,scalar_k0p9,scalar_mixture,0.5747380370822311,0.04385635386557167,32
0.0,0,1,startup,scalar_k1,scalar_mixture,0.48029515802742484,0.06146866717670449,32
0.0,0,1,startup,oracle_useful,generating_direction_oracle,1.627536209432383,0.5083857670544949,32
0.0,0,1,startup,oracle_nuisance,generating_direction_oracle,0.9288410892102559,0.11909786656054042,32
0.0,0,1,startup,native_i17,native_learned_direction,0.64867036417577,0.08964857746465914,32
0.0,0,1,startup,native_cp,native_learned_direction,0.6539668577959243,0.08932463556801629,32
0.0,0,1,startup,native_cp_star,native_learned_direction,0.8432485322790025,0.08187930395438188,32
0.0,0,1,startup,oracle_useful_star,generating_direction_oracle,1.6860701282749881,0.509227567795921,32
0.0,0,1,transition,raw,raw,4.998497274609449,0.033784022542425046,32
0.0,0,1,transition,ema_q0p9,fixed_uniform_EMA,0.2695903855835905,0.005343297299801879,32
0.0,0,1,transition,ema_q0p99,fixed_uniform_EMA,0.057393571855962305,0.007328442335496206,32
0.0,0,1,transition,ema_q0p999,fixed_uniform_EMA,1.8032191164113787,0.4415068555065616,32
0.0,0,1,transition,dema_q0p9,signed_uniform_DEMA,0.645510115921388,0.009893511344710976,32
0.0,0,1,transition,dema_q0p99,signed_uniform_DEMA,0.07994714766052194,0.006749219679426624,32
0.0,0,1,transition,dema_q0p999,signed_uniform_DEMA,0.7089503769365376,0.1704553762431542,32
0.0,0,1,transition,common_kalman,model_based_common_control,0.009786149062353224,0.0008997908060851318,32
0.0,0,1,transition,useful_oracle_kalman,generating_direction_oracle,0.009786149062353134,0.0008997908060851345,32
0.0,0,1,transition,scalar_k0,scalar_mixture,0.05739357185596231,0.007328442335496203,32
0.0,0,1,transition,scalar_k0p5,scalar_mixture,0.5066038132659229,0.003876007193019308,32
0.0,0,1,transition,scalar_k0p9,scalar_mixture,0.43847523721677184,0.0058238771390439256,32
0.0,0,1,transition,scalar_k1,scalar_mixture,0.2695903855835905,0.0053432972998018816,32
0.0,0,1,transition,oracle_useful,generating_direction_oracle,0.09779499526896027,0.007753402298236877,32
0.0,0,1,transition,oracle_nuisance,generating_direction_oracle,0.22918896217059248,0.006014686558875596,32
0.0,0,1,transition,native_i17,native_learned_direction,0.21932043823314243,0.00438937053640269,32
0.0,0,1,transition,native_cp,native_learned_direction,0.21924205002719493,0.004388712819479758,32
0.0,0,1,transition,native_cp_star,native_learned_direction,0.6287503435931895,0.007676363475714429,32
0.0,0,1,transition,oracle_useful_star,generating_direction_oracle,0.20173391743046068,0.008128483884192399,32
0.0,0,1,late,raw,raw,5.008882556616911,0.017551022144278332,32
0.0,0,1,late,ema_q0p9,fixed_uniform_EMA,0.26474327926233315,0.0023518050102707445,32
0.0,0,1,late,ema_q0p99,fixed_uniform_EMA,0.024911258367394377,0.0008323685832639291,32
0.0,0,1,late,ema_q0p999,fixed_uniform_EMA,0.11078669469161175,0.026474768645067825,32
0.0,0,1,late,dema_q0p9,signed_uniform_DEMA,0.6363018336169348,0.004689146572240624,32
0.0,0,1,late,dema_q0p99,signed_uniform_DEMA,0.06260108276905822,0.0015786694913290334,32
0.0,0,1,late,dema_q0p999,signed_uniform_DEMA,0.05586557990060796,0.01247103267827347,32
0.0,0,1,late,common_kalman,model_based_common_control,0.0020994590086603837,0.0002977169896902178,32
0.0,0,1,late,useful_oracle_kalman,generating_direction_oracle,0.002099459008660324,0.00029771698969021304,32
0.0,0,1,late,scalar_k0,scalar_mixture,0.024911258367394374,0.0008323685832639291,32
0.0,0,1,late,scalar_k0p5,scalar_mixture,0.5006312635846635,0.002029486820659933,32
0.0,0,1,late,scalar_k0p9,scalar_mixture,0.43378704824360675,0.002883130711323184,32
0.0,0,1,late,scalar_k1,scalar_mixture,0.2647432792623331,0.0023518050102707454,32
0.0,0,1,late,oracle_useful,generating_direction_oracle,0.07294720902240798,0.0011106440788712475,32
0.0,0,1,late,oracle_nuisance,generating_direction_oracle,0.21670732860731956,0.0022520446705224647,32
0.0,0,1,late,native_i17,native_learned_direction,0.2174497937526335,0.0022498257768103214,32
0.0,0,1,late,native_cp,native_learned_direction,0.21741147580349932,0.0022493162934931047,32
0.0,0,1,late,native_cp_star,native_learned_direction,0.6380760267228411,0.004331904177024874,32
0.0,0,1,late,oracle_useful_star,generating_direction_oracle,0.17717479475567216,0.0016262272193152062,32
0.01,1,0,whole,raw,raw,5.003912094344168,0.014483744606845856,32
0.01,1,0,whole,ema_q0p9,fixed_uniform_EMA,0.3136647458606878,0.0032679447226637392,32
0.01,1,0,whole,ema_q0p99,fixed_uniform_EMA,0.5366601003408815,0.01900996758351292,32
0.01,1,0,whole,ema_q0p999,fixed_uniform_EMA,4.026037738709949,0.34237587290630955,32
0.01,1,0,whole,dema_q0p9,signed_uniform_DEMA,0.659703258026922,0.004756705599886935,32
0.01,1,0,whole,dema_q0p99,signed_uniform_DEMA,0.32452175180902615,0.009430272344906024,32
0.01,1,0,whole,dema_q0p999,signed_uniform_DEMA,2.154241446122928,0.12696739033634283,32
0.01,1,0,whole,ema_common_steady_oracle,model_based_common_control,0.230180054808181,0.004631730258740762,32
0.01,1,0,whole,common_kalman,model_based_common_control,0.22025435728612083,0.002863930217150043,32
0.01,1,0,whole,useful_oracle_kalman,generating_direction_oracle,0.10372049523513958,0.001489038029968002,32
0.01,1,0,whole,scalar_k0,scalar_mixture,0.5366601003408815,0.01900996758351292,32
0.01,1,0,whole,scalar_k0p5,scalar_mixture,0.6359027500649141,0.005289558595458224,32
0.01,1,0,whole,scalar_k0p9,scalar_mixture,0.46605710702388037,0.003216463986417559,32
0.01,1,0,whole,scalar_k1,scalar_mixture,0.3136647458606878,0.0032679447226637392,32
0.01,1,0,whole,oracle_useful,generating_direction_oracle,0.15984475664507608,0.014536444620012424,32
0.01,1,0,whole,oracle_nuisance,generating_direction_oracle,0.6904800895564933,0.014043991482964374,32
0.01,1,0,whole,native_i17,native_learned_direction,0.6691451311284053,0.013331999068099632,32
0.01,1,0,whole,native_cp,native_learned_direction,0.6697048388891671,0.013228858471117997,32
0.01,1,0,whole,native_cp_star,native_learned_direction,1.0798879295964747,0.012575980745691006,32
0.01,1,0,whole,oracle_useful_star,generating_direction_oracle,0.2317621201275718,0.014528317968525908,32
0.01,1,0,startup,raw,raw,4.9035316037743275,0.10024647159025608,32
0.01,1,0,startup,ema_q0p9,fixed_uniform_EMA,0.5256558984367192,0.061144961525572784,32
0.01,1,0,startup,ema_q0p99,fixed_uniform_EMA,2.4430670907417547,0.5083878568452559,32
0.01,1,0,startup,ema_q0p999,fixed_uniform_EMA,4.9856351151572245,1.0750023098915995,32
0.01,1,0,startup,dema_q0p9,signed_uniform_DEMA,0.7387538096365003,0.04265607158836198,32
0.01,1,0,startup,dema_q0p99,signed_uniform_DEMA,1.2901235983150756,0.25640552127873145,32
0.01,1,0,startup,dema_q0p999,signed_uniform_DEMA,4.534617509215934,0.9737835881624527,32
0.01,1,0,startup,ema_common_steady_oracle,model_based_common_control,0.75321354680237,0.134078312838714,32
0.01,1,0,startup,common_kalman,model_based_common_control,0.3561094158113885,0.026168774601169602,32
0.01,1,0,startup,useful_oracle_kalman,generating_direction_oracle,0.3069941635034825,0.026233378389195754,32
0.01,1,0,startup,scalar_k0,scalar_mixture,2.4430670907417547,0.5083878568452559,32
0.01,1,0,startup,scalar_k0p5,scalar_mixture,1.1535565858715655,0.13415326159262547,32
0.01,1,0,startup,scalar_k0p9,scalar_mixture,0.6030861017389919,0.043461481858617035,32
0.01,1,0,startup,scalar_k1,scalar_mixture,0.5256558984367192,0.061144961525572784,32
0.01,1,0,startup,oracle_useful,generating_direction_oracle,1.672896949841677,0.5073870998257972,32
0.01,1,0,startup,oracle_nuisance,generating_direction_oracle,1.295826039336797,0.15693764391478998,32
0.01,1,0,startup,native_i17,native_learned_direction,0.8346555400816359,0.09875679425639773,32
0.01,1,0,startup,native_cp,native_learned_direction,0.8407292851493493,0.09833008822103849,32
0.01,1,0,startup,native_cp_star,native_learned_direction,1.006215024879837,0.09337957123625956,32
0.01,1,0,startup,oracle_useful_star,generating_direction_oracle,1.6967712445984193,0.5084998634643837,32
0.01,1,0,transition,raw,raw,4.998497274609449,0.03378402254242505,32
0.01,1,0,transition,ema_q0p9,fixed_uniform_EMA,0.31434685491158054,0.005923581611621466,32
0.01,1,0,transition,ema_q0p99,fixed_uniform_EMA,0.5015709268367443,0.0319628521695445,32
0.01,1,0,transition,ema_q0p999,fixed_uniform_EMA,3.8960753184838053,0.6025505947834201,32
0.01,1,0,transition,dema_q0p9,signed_uniform_DEMA,0.6655160595461851,0.009813937011980607,32
0.01,1,0,transition,dema_q0p99,signed_uniform_DEMA,0.32499075444741266,0.01646037668456251,32
0.01,1,0,transition,dema_q0p999,signed_uniform_DEMA,2.1187229431182546,0.257334927296217,32
0.01,1,0,transition,ema_common_steady_oracle,model_based_common_control,0.22254051061081287,0.006704986178639853,32
0.01,1,0,transition,common_kalman,model_based_common_control,0.22254898062287679,0.006711223573120851,32
0.01,1,0,transition,useful_oracle_kalman,generating_direction_oracle,0.10685648390022252,0.0029287885588862176,32
0.01,1,0,transition,scalar_k0,scalar_mixture,0.5015709268367444,0.0319628521695445,32
0.01,1,0,transition,scalar_k0p5,scalar_mixture,0.6248970109310025,0.008753346411788333,32
0.01,1,0,transition,scalar_k0p9,scalar_mixture,0.4673833370569827,0.00619384871613618,32
0.01,1,0,transition,scalar_k1,scalar_mixture,0.31434685491158054,0.005923581611621464,32
0.01,1,0,transition,oracle_useful,generating_direction_oracle,0.14255146459695034,0.00832856135169253,32
0.01,1,0,transition,oracle_nuisance,generating_direction_oracle,0.6733663171513746,0.033790725638328564,32
0.01,1,0,transition,native_i17,native_learned_direction,0.6408219496969032,0.033043047880144914,32
0.01,1,0,transition,native_cp,native_learned_direction,0.6424085248742823,0.03331587315533652,32
0.01,1,0,transition,native_cp_star,native_learned_direction,1.0468184930114108,0.0332963665730478,32
0.01,1,0,transition,oracle_useful_star,generating_direction_oracle,0.2140805154209153,0.008262997138189813,32
0.01,1,0,late,raw,raw,5.008882556616911,0.017551022144278318,32
0.01,1,0,late,ema_q0p9,fixed_uniform_EMA,0.30639374139288555,0.0025548103679456898,32
0.01,1,0,late,ema_q0p99,fixed_uniform_EMA,0.48363995271209353,0.01628262436103869,32
0.01,1,0,late,ema_q0p999,fixed_uniform_EMA,4.033039885562883,0.4481725545125433,32
0.01,1,0,late,dema_q0p9,signed_uniform_DEMA,0.6553243991841571,0.0047043368823302106,32
0.01,1,0,late,dema_q0p99,signed_uniform_DEMA,0.2921943228006419,0.00544058507946747,32
0.01,1,0,late,dema_q0p999,signed_uniform_DEMA,2.085551128254563,0.14053650244520274,32
0.01,1,0,late,ema_common_steady_oracle,model_based_common_control,0.2150374683342518,0.002833310483546602,32
0.01,1,0,late,common_kalman,model_based_common_control,0.2150374683342518,0.0028333104835465985,32
0.01,1,0,late,useful_oracle_kalman,generating_direction_oracle,0.0960039096933366,0.0015458443826998252,32
0.01,1,0,late,scalar_k0,scalar_mixture,0.48363995271209353,0.016282624361038688,32
0.01,1,0,late,scalar_k0p5,scalar_mixture,0.6219493439448658,0.004620920894007235,32
0.01,1,0,late,scalar_k0p9,scalar_mixture,0.4610916048567793,0.003036997463859664,32
0.01,1,0,late,scalar_k1,scalar_mixture,0.30639374139288555,0.0025548103679456885,32
0.01,1,0,late,oracle_useful,generating_direction_oracle,0.1145976711529604,0.001657247062020548,32
0.01,1,0,late,oracle_nuisance,generating_direction_oracle,0.6754360229520187,0.016189266856503928,32
0.01,1,0,late,native_i17,native_learned_direction,0.6721250719260816,0.01598366215673256,32
0.01,1,0,late,native_cp,native_learned_direction,0.672192918218293,0.016050469670460157,32
0.01,1,0,late,native_cp_star,native_learned_direction,1.0922645240625481,0.01578970124202276,32
0.01,1,0,late,oracle_useful_star,generating_direction_oracle,0.18823296405720719,0.001723935547876215,32
0.01,1,1,whole,raw,raw,5.003912094344168,0.014483744606845856,32
0.01,1,1,whole,ema_q0p9,fixed_uniform_EMA,0.3136647458606878,0.0032679447226637392,32
0.01,1,1,whole,ema_q0p99,fixed_uniform_EMA,0.5366601003408816,0.019009967583512935,32
0.01,1,1,whole,ema_q0p999,fixed_uniform_EMA,4.02603773870995,0.34237587290630955,32
0.01,1,1,whole,dema_q0p9,signed_uniform_DEMA,0.659703258026922,0.0047567055998869396,32
0.01,1,1,whole,dema_q0p99,signed_uniform_DEMA,0.3245217518090262,0.009430272344906024,32
0.01,1,1,whole,dema_q0p999,signed_uniform_DEMA,2.1542414461229287,0.1269673903363429,32
0.01,1,1,whole,ema_common_steady_oracle,model_based_common_control,0.230180054808181,0.004631730258740763,32
0.01,1,1,whole,common_kalman,model_based_common_control,0.22025435728612083,0.0028639302171500416,32
0.01,1,1,whole,useful_oracle_kalman,generating_direction_oracle,0.10372049523513957,0.001489038029968002,32
0.01,1,1,whole,scalar_k0,scalar_mixture,0.5366601003408817,0.01900996758351294,32
0.01,1,1,whole,scalar_k0p5,scalar_mixture,0.635902750064914,0.005289558595458229,32
0.01,1,1,whole,scalar_k0p9,scalar_mixture,0.46605710702388037,0.0032164639864175576,32
0.01,1,1,whole,scalar_k1,scalar_mixture,0.3136647458606878,0.0032679447226637405,32
0.01,1,1,whole,oracle_useful,generating_direction_oracle,0.15984475664507608,0.014536444620012436,32
0.01,1,1,whole,oracle_nuisance,generating_direction_oracle,0.6904800895564933,0.014043991482964374,32
0.01,1,1,whole,native_i17,native_learned_direction,0.6691451311284055,0.013331999068099643,32
0.01,1,1,whole,native_cp,native_learned_direction,0.6697048388891671,0.013228858471118005,32
0.01,1,1,whole,native_cp_star,native_learned_direction,1.0798879295964747,0.012575980745691018,32
0.01,1,1,whole,oracle_useful_star,generating_direction_oracle,0.2317621201275718,0.014528317968525918,32
0.01,1,1,startup,raw,raw,4.9035316037743275,0.1002464715902561,32
0.01,1,1,startup,ema_q0p9,fixed_uniform_EMA,0.5256558984367192,0.061144961525572784,32
0.01,1,1,startup,ema_q0p99,fixed_uniform_EMA,2.4430670907417555,0.5083878568452564,32
0.01,1,1,startup,ema_q0p999,fixed_uniform_EMA,4.9856351151572245,1.075002309891599,32
0.01,1,1,startup,dema_q0p9,signed_uniform_DEMA,0.7387538096365003,0.04265607158836198,32
0.01,1,1,startup,dema_q0p99,signed_uniform_DEMA,1.290123598315077,0.25640552127873206,32
0.01,1,1,startup,dema_q0p999,signed_uniform_DEMA,4.534617509215932,0.9737835881624515,32
0.01,1,1,startup,ema_common_steady_oracle,model_based_common_control,0.75321354680237,0.134078312838714,32
0.01,1,1,startup,common_kalman,model_based_common_control,0.3561094158113885,0.026168774601169602,32
0.01,1,1,startup,useful_oracle_kalman,generating_direction_oracle,0.3069941635034825,0.02623337838919575,32
0.01,1,1,startup,scalar_k0,scalar_mixture,2.4430670907417555,0.5083878568452564,32
0.01,1,1,startup,scalar_k0p5,scalar_mixture,1.1535565858715655,0.1341532615926256,32
0.01,1,1,startup,scalar_k0p9,scalar_mixture,0.6030861017389919,0.04346148185861703,32
0.01,1,1,startup,scalar_k1,scalar_mixture,0.5256558984367192,0.06114496152557277,32
0.01,1,1,startup,oracle_useful,generating_direction_oracle,1.672896949841678,0.5073870998257977,32
0.01,1,1,startup,oracle_nuisance,generating_direction_oracle,1.2958260393367973,0.15693764391479006,32
0.01,1,1,startup,native_i17,native_learned_direction,0.834655540081636,0.09875679425639781,32
0.01,1,1,startup,native_cp,native_learned_direction,0.8407292851493495,0.09833008822103853,32
0.01,1,1,startup,native_cp_star,native_learned_direction,1.0062150248798372,0.0933795712362596,32
0.01,1,1,startup,oracle_useful_star,generating_direction_oracle,1.6967712445984202,0.5084998634643841,32
0.01,1,1,transition,raw,raw,4.998497274609449,0.033784022542425046,32
0.01,1,1,transition,ema_q0p9,fixed_uniform_EMA,0.31434685491158054,0.005923581611621466,32
0.01,1,1,transition,ema_q0p99,fixed_uniform_EMA,0.5015709268367445,0.03196285216954451,32
0.01,1,1,transition,ema_q0p999,fixed_uniform_EMA,3.8960753184838053,0.6025505947834199,32
0.01,1,1,transition,dema_q0p9,signed_uniform_DEMA,0.6655160595461851,0.00981393701198061,32
0.01,1,1,transition,dema_q0p99,signed_uniform_DEMA,0.32499075444741266,0.016460376684562496,32
0.01,1,1,transition,dema_q0p999,signed_uniform_DEMA,2.1187229431182546,0.2573349272962167,32
0.01,1,1,transition,ema_common_steady_oracle,model_based_common_control,0.22254051061081287,0.006704986178639852,32
0.01,1,1,transition,common_kalman,model_based_common_control,0.22254898062287673,0.006711223573120848,32
0.01,1,1,transition,useful_oracle_kalman,generating_direction_oracle,0.10685648390022252,0.0029287885588862176,32
0.01,1,1,transition,scalar_k0,scalar_mixture,0.5015709268367445,0.0319628521695445,32
0.01,1,1,transition,scalar_k0p5,scalar_mixture,0.6248970109310025,0.008753346411788336,32
0.01,1,1,transition,scalar_k0p9,scalar_mixture,0.4673833370569827,0.00619384871613618,32
0.01,1,1,transition,scalar_k1,scalar_mixture,0.31434685491158054,0.005923581611621466,32
0.01,1,1,transition,oracle_useful,generating_direction_oracle,0.14255146459695034,0.008328561351692536,32
0.01,1,1,transition,oracle_nuisance,generating_direction_oracle,0.6733663171513747,0.03379072563832858,32
0.01,1,1,transition,native_i17,native_learned_direction,0.6408219496969034,0.033043047880144914,32
0.01,1,1,transition,native_cp,native_learned_direction,0.6424085248742826,0.0333158731553365,32
0.01,1,1,transition,native_cp_star,native_learned_direction,1.0468184930114113,0.03329636657304779,32
0.01,1,1,transition,oracle_useful_star,generating_direction_oracle,0.2140805154209153,0.008262997138189818,32
0.01,1,1,late,raw,raw,5.008882556616911,0.017551022144278318,32
0.01,1,1,late,ema_q0p9,fixed_uniform_EMA,0.30639374139288555,0.0025548103679456876,32
0.01,1,1,late,ema_q0p99,fixed_uniform_EMA,0.4836399527120936,0.016282624361038715,32
0.01,1,1,late,ema_q0p999,fixed_uniform_EMA,4.033039885562884,0.44817255451254345,32
0.01,1,1,late,dema_q0p9,signed_uniform_DEMA,0.6553243991841571,0.0047043368823302106,32
0.01,1,1,late,dema_q0p99,signed_uniform_DEMA,0.29219432280064184,0.005440585079467456,32
0.01,1,1,late,dema_q0p999,signed_uniform_DEMA,2.085551128254564,0.14053650244520297,32
0.01,1,1,late,ema_common_steady_oracle,model_based_common_control,0.2150374683342518,0.0028333104835465985,32
0.01,1,1,late,common_kalman,model_based_common_control,0.2150374683342518,0.002833310483546594,32
0.01,1,1,late,useful_oracle_kalman,generating_direction_oracle,0.0960039096933366,0.0015458443826998254,32
0.01,1,1,late,scalar_k0,scalar_mixture,0.4836399527120936,0.016282624361038715,32
0.01,1,1,late,scalar_k0p5,scalar_mixture,0.6219493439448658,0.004620920894007242,32
0.01,1,1,late,scalar_k0p9,scalar_mixture,0.4610916048567793,0.003036997463859664,32
0.01,1,1,late,scalar_k1,scalar_mixture,0.30639374139288555,0.0025548103679456898,32
0.01,1,1,late,oracle_useful,generating_direction_oracle,0.11459767115296039,0.0016572470620205412,32
0.01,1,1,late,oracle_nuisance,generating_direction_oracle,0.6754360229520188,0.01618926685650395,32
0.01,1,1,late,native_i17,native_learned_direction,0.6721250719260816,0.015983662156732577,32
0.01,1,1,late,native_cp,native_learned_direction,0.6721929182182931,0.016050469670460175,32
0.01,1,1,late,native_cp_star,native_learned_direction,1.0922645240625481,0.01578970124202277,32
0.01,1,1,late,oracle_useful_star,generating_direction_oracle,0.18823296405720713,0.0017239355478762084,32
0.1,2,0,whole,raw,raw,5.003912094344168,0.014483744606845848,32
0.1,2,0,whole,ema_q0p9,fixed_uniform_EMA,0.6942335148905849,0.0067777157458634016,32
0.1,2,0,whole,ema_q0p99,fixed_uniform_EMA,4.5803609701811165,0.13030323249509976,32
0.1,2,0,whole,ema_q0p999,fixed_uniform_EMA,35.488758700613545,3.401973392915885,32
0.1,2,0,whole,dema_q0p9,signed_uniform_DEMA,0.8324766493450519,0.005328266929369482,32
0.1,2,0,whole,dema_q0p99,signed_uniform_DEMA,2.407822425080906,0.053811439607900906,32
0.1,2,0,whole,dema_q0p999,signed_uniform_DEMA,18.692716454381134,1.0885557264455343,32
0.1,2,0,whole,ema_common_steady_oracle,model_based_common_control,0.6651038336480787,0.005140723712841024,32
0.1,2,0,whole,common_kalman,model_based_common_control,0.6630738036949126,0.0048496464394386695,32
0.1,2,0,whole,useful_oracle_kalman,generating_direction_oracle,0.2792420043521452,0.002340718853970602,32
0.1,2,0,whole,scalar_k0,scalar_mixture,4.5803609701811165,0.1303032324950997,32
0.1,2,0,whole,scalar_k0p5,scalar_mixture,1.7052037362883774,0.033757271666304274,32
0.1,2,0,whole,scalar_k0p9,scalar_mixture,0.7134648179407902,0.005245058849746606,32
0.1,2,0,whole,scalar_k1,scalar_mixture,0.6942335148905849,0.0067777157458634085,32
0.1,2,0,whole,oracle_useful,generating_direction_oracle,0.5404135256749731,0.015555124194705776,32
0.1,2,0,whole,oracle_nuisance,generating_direction_oracle,4.734180959396729,0.12993484520076123,32
0.1,2,0,whole,native_i17,native_learned_direction,1.4749715338112597,0.10303400733897067,32
0.1,2,0,whole,native_cp,native_learned_direction,1.4513435835945803,0.10270371325005966,32
0.1,2,0,whole,native_cp_star,native_learned_direction,1.4277464612043942,0.1261739664094097,32
0.1,2,0,whole,oracle_useful_star,generating_direction_oracle,0.3342473184145666,0.014658753191631865,32
0.1,2,0,startup,raw,raw,4.9035316037743275,0.10024647159025608,32
0.1,2,0,startup,ema_q0p9,fixed_uniform_EMA,0.9012299587379093,0.06838133417536248,32
0.1,2,0,startup,ema_q0p99,fixed_uniform_EMA,4.790289477088867,0.6537986123368891,32
0.1,2,0,startup,ema_q0p999,fixed_uniform_EMA,8.86766041511779,1.3528569805647377,32
0.1,2,0,startup,dema_q0p9,signed_uniform_DEMA,0.8984147901980524,0.043982631534777605,32
0.1,2,0,startup,dema_q0p99,signed_uniform_DEMA,2.789288477076253,0.32690194769338415,32
0.1,2,0,startup,dema_q0p999,signed_uniform_DEMA,8.165581388220124,1.2305423730155935,32
0.1,2,0,startup,ema_common_steady_oracle,model_based_common_control,0.8112315992771519,0.05235859827083842,32
0.1,2,0,startup,common_kalman,model_based_common_control,0.7300303933241951,0.030040832303912374,32
0.1,2,0,startup,useful_oracle_kalman,generating_direction_oracle,0.46391702476908275,0.02728768482129185,32
0.1,2,0,startup,scalar_k0,scalar_mixture,4.7902894770888675,0.653798612336889,32
0.1,2,0,startup,scalar_k0p5,scalar_mixture,1.7956853629776517,0.17467610212872695,32
0.1,2,0,startup,scalar_k0p9,scalar_mixture,0.8260908583484974,0.04793004297546902,32
0.1,2,0,startup,scalar_k1,scalar_mixture,0.9012299587379093,0.06838133417536249,32
0.1,2,0,startup,oracle_useful,generating_direction_oracle,2.048471010142867,0.5062862779344199,32
0.1,2,0,startup,oracle_nuisance,generating_direction_oracle,3.643048425683909,0.39479938605532783,32
0.1,2,0,startup,native_i17,native_learned_direction,2.0993902456974336,0.2785009484725816,32
0.1,2,0,startup,native_cp,native_learned_direction,2.106321957028173,0.27879521769123145,32
0.1,2,0,startup,native_cp_star,native_learned_direction,2.0995386615418044,0.280526420294145,32
0.1,2,0,startup,oracle_useful_star,generating_direction_oracle,1.7936986459129303,0.5067256094527902,32
0.1,2,0,transition,raw,raw,4.998497274609449,0.03378402254242504,32
0.1,2,0,transition,ema_q0p9,fixed_uniform_EMA,0.7014985896967311,0.013186517955985386,32
0.1,2,0,transition,ema_q0p99,fixed_uniform_EMA,4.475058923529817,0.3210243152977202,32
0.1,2,0,transition,ema_q0p999,fixed_uniform_EMA,23.68844943829385,3.959346931177268,32
0.1,2,0,transition,dema_q0p9,signed_uniform_DEMA,0.8390225630599313,0.010613025623344423,32
0.1,2,0,transition,dema_q0p99,signed_uniform_DEMA,2.482347818215401,0.1387986160464799,32
0.1,2,0,transition,dema_q0p999,signed_uniform_DEMA,15.039280910030845,1.9789503978727745,32
0.1,2,0,transition,ema_common_steady_oracle,model_based_common_control,0.671884337269096,0.0100226454571669,32
0.1,2,0,transition,common_kalman,model_based_common_control,0.6718843381386869,0.010022645597006911,32
0.1,2,0,transition,useful_oracle_kalman,generating_direction_oracle,0.2827157033511891,0.0037939908483021023,32
0.1,2,0,transition,scalar_k0,scalar_mixture,4.475058923529817,0.3210243152977202,32
0.1,2,0,transition,scalar_k0p5,scalar_mixture,1.6769835334797956,0.08180597728231401,32
0.1,2,0,transition,scalar_k0p9,scalar_mixture,0.7159766271972707,0.011292635349544534,32
0.1,2,0,transition,scalar_k1,scalar_mixture,0.7014985896967312,0.013186517955985386,32
0.1,2,0,transition,oracle_useful,generating_direction_oracle,0.529703199382101,0.013312157403127573,32
0.1,2,0,transition,oracle_nuisance,generating_direction_oracle,4.646854313844447,0.3230468732366853,32
0.1,2,0,transition,native_i17,native_learned_direction,2.0962918655018514,0.16984017443635097,32
0.1,2,0,transition,native_cp,native_learned_direction,2.083419694726814,0.17014080343919782,32
0.1,2,0,transition,native_cp_star,native_learned_direction,2.172542247095815,0.20079765589263188,32
0.1,2,0,transition,oracle_useful_star,generating_direction_oracle,0.31827739856116494,0.008701407325604583,32
0.1,2,0,late,raw,raw,5.008882556616911,0.017551022144278314,32
0.1,2,0,late,ema_q0p9,fixed_uniform_EMA,0.6851541109871636,0.007451399347561811,32
0.1,2,0,late,ema_q0p99,fixed_uniform_EMA,4.604953967279582,0.1606362649015469,32
0.1,2,0,late,ema_q0p999,fixed_uniform_EMA,39.91622142215931,4.645588036860289,32
0.1,2,0,late,dema_q0p9,signed_uniform_DEMA,0.8283149372021548,0.005638486611774276,32
0.1,2,0,late,dema_q0p99,signed_uniform_DEMA,2.3727492720740457,0.04907594567039223,32
0.1,2,0,late,dema_q0p999,signed_uniform_DEMA,20.13965161989159,1.3723295240939664,32
0.1,2,0,late,ema_common_steady_oracle,model_based_common_control,0.6581987570408044,0.0056318568020636535,32
0.1,2,0,late,common_kalman,model_based_common_control,0.6581987570408043,0.005631856802063644,32
0.1,2,0,late,useful_oracle_kalman,generating_direction_oracle,0.27204406063853404,0.0025477209561903208,32
0.1,2,0,late,scalar_k0,scalar_mixture,4.604953967279581,0.16063626490154684,32
0.1,2,0,late,scalar_k0p5,scalar_mixture,1.710653742907976,0.04144197524550217,32
0.1,2,0,late,scalar_k0p9,scalar_mixture,0.7089570738169224,0.005734279019976335,32
0.1,2,0,late,scalar_k1,scalar_mixture,0.6851541109871636,0.007451399347561823,32
0.1,2,0,late,oracle_useful,generating_direction_oracle,0.49335804074723844,0.007284698881704443,32
0.1,2,0,late,oracle_nuisance,generating_direction_oracle,4.796750037519507,0.160408366360829,32
0.1,2,0,late,native_i17,native_learned_direction,1.2677614772412098,0.10101296701566113,32
0.1,2,0,late,native_cp,native_learned_direction,1.2398881378071238,0.09988147174534125,32
0.1,2,0,late,native_cp_star,native_learned_direction,1.181914652092388,0.12369438283392364,32
0.1,2,0,late,oracle_useful_star,generating_direction_oracle,0.29038991678730836,0.0025363166877223784,32
0.1,2,1,whole,raw,raw,5.003912094344168,0.014483744606845855,32
0.1,2,1,whole,ema_q0p9,fixed_uniform_EMA,0.6942335148905849,0.006777715745863406,32
0.1,2,1,whole,ema_q0p99,fixed_uniform_EMA,4.5803609701811165,0.13030323249509976,32
0.1,2,1,whole,ema_q0p999,fixed_uniform_EMA,35.48875870061356,3.4019733929158855,32
0.1,2,1,whole,dema_q0p9,signed_uniform_DEMA,0.8324766493450519,0.005328266929369485,32
0.1,2,1,whole,dema_q0p99,signed_uniform_DEMA,2.407822425080905,0.05381143960790098,32
0.1,2,1,whole,dema_q0p999,signed_uniform_DEMA,18.69271645438114,1.0885557264455339,32
0.1,2,1,whole,ema_common_steady_oracle,model_based_common_control,0.6651038336480786,0.005140723712841031,32
0.1,2,1,whole,common_kalman,model_based_common_control,0.6630738036949126,0.0048496464394386755,32
0.1,2,1,whole,useful_oracle_kalman,generating_direction_oracle,0.27924200435214513,0.002340718853970602,32
0.1,2,1,whole,scalar_k0,scalar_mixture,4.5803609701811165,0.13030323249509976,32
0.1,2,1,whole,scalar_k0p5,scalar_mixture,1.7052037362883774,0.0337572716663043,32
0.1,2,1,whole,scalar_k0p9,scalar_mixture,0.7134648179407903,0.00524505884974661,32
0.1,2,1,whole,scalar_k1,scalar_mixture,0.6942335148905849,0.006777715745863405,32
0.1,2,1,whole,oracle_useful,generating_direction_oracle,0.5404135256749731,0.015555124194705795,32
0.1,2,1,whole,oracle_nuisance,generating_direction_oracle,4.734180959396728,0.1299348452007612,32
0.1,2,1,whole,native_i17,native_learned_direction,1.474971533811261,0.10303400733897068,32
0.1,2,1,whole,native_cp,native_learned_direction,1.4513435835945812,0.10270371325005978,32
0.1,2,1,whole,native_cp_star,native_learned_direction,1.4277464612043955,0.12617396640940984,32
0.1,2,1,whole,oracle_useful_star,generating_direction_oracle,0.3342473184145667,0.014658753191631877,32
0.1,2,1,startup,raw,raw,4.9035316037743275,0.1002464715902561,32
0.1,2,1,startup,ema_q0p9,fixed_uniform_EMA,0.9012299587379093,0.06838133417536248,32
0.1,2,1,startup,ema_q0p99,fixed_uniform_EMA,4.7902894770888675,0.6537986123368893,32
0.1,2,1,startup,ema_q0p999,fixed_uniform_EMA,8.867660415117788,1.3528569805647372,32
0.1,2,1,startup,dema_q0p9,signed_uniform_DEMA,0.8984147901980524,0.043982631534777605,32
0.1,2,1,startup,dema_q0p99,signed_uniform_DEMA,2.7892884770762545,0.3269019476933847,32
0.1,2,1,startup,dema_q0p999,signed_uniform_DEMA,8.165581388220119,1.230542373015592,32
0.1,2,1,startup,ema_common_steady_oracle,model_based_common_control,0.8112315992771518,0.05235859827083841,32
0.1,2,1,startup,common_kalman,model_based_common_control,0.730030393324195,0.030040832303912374,32
0.1,2,1,startup,useful_oracle_kalman,generating_direction_oracle,0.4639170247690827,0.02728768482129185,32
0.1,2,1,startup,scalar_k0,scalar_mixture,4.7902894770888675,0.6537986123368893,32
0.1,2,1,startup,scalar_k0p5,scalar_mixture,1.7956853629776517,0.17467610212872706,32
0.1,2,1,startup,scalar_k0p9,scalar_mixture,0.8260908583484974,0.04793004297546901,32
0.1,2,1,startup,scalar_k1,scalar_mixture,0.9012299587379093,0.06838133417536246,32
0.1,2,1,startup,oracle_useful,generating_direction_oracle,2.048471010142868,0.5062862779344205,32
0.1,2,1,startup,oracle_nuisance,generating_direction_oracle,3.643048425683909,0.39479938605532783,32
0.1,2,1,startup,native_i17,native_learned_direction,2.099390245697434,0.27850094847258156,32
0.1,2,1,startup,native_cp,native_learned_direction,2.1063219570281735,0.27879521769123133,32
0.1,2,1,startup,native_cp_star,native_learned_direction,2.0995386615418052,0.28052642029414493,32
0.1,2,1,startup,oracle_useful_star,generating_direction_oracle,1.7936986459129312,0.5067256094527907,32
0.1,2,1,transition,raw,raw,4.998497274609449,0.03378402254242506,32
0.1,2,1,transition,ema_q0p9,fixed_uniform_EMA,0.7014985896967312,0.013186517955985381,32
0.1,2,1,transition,ema_q0p99,fixed_uniform_EMA,4.475058923529817,0.3210243152977204,32
0.1,2,1,transition,ema_q0p999,fixed_uniform_EMA,23.688449438293855,3.9593469311772704,32
0.1,2,1,transition,dema_q0p9,signed_uniform_DEMA,0.8390225630599313,0.010613025623344414,32
0.1,2,1,transition,dema_q0p99,signed_uniform_DEMA,2.4823478182153993,0.1387986160464798,32
0.1,2,1,transition,dema_q0p999,signed_uniform_DEMA,15.039280910030849,1.9789503978727767,32
0.1,2,1,transition,ema_common_steady_oracle,model_based_common_control,0.6718843372690959,0.010022645457166898,32
0.1,2,1,transition,common_kalman,model_based_common_control,0.6718843381386868,0.010022645597006913,32
0.1,2,1,transition,useful_oracle_kalman,generating_direction_oracle,0.2827157033511891,0.0037939908483020984,32
0.1,2,1,transition,scalar_k0,scalar_mixture,4.475058923529818,0.32102431529772046,32
0.1,2,1,transition,scalar_k0p5,scalar_mixture,1.6769835334797958,0.08180597728231406,32
0.1,2,1,transition,scalar_k0p9,scalar_mixture,0.7159766271972707,0.011292635349544534,32
0.1,2,1,transition,scalar_k1,scalar_mixture,0.7014985896967312,0.013186517955985381,32
0.1,2,1,transition,oracle_useful,generating_direction_oracle,0.529703199382101,0.01331215740312757,32
0.1,2,1,transition,oracle_nuisance,generating_direction_oracle,4.646854313844448,0.3230468732366855,32
0.1,2,1,transition,native_i17,native_learned_direction,2.096291865501851,0.16984017443635097,32
0.1,2,1,transition,native_cp,native_learned_direction,2.083419694726813,0.1701408034391978,32
0.1,2,1,transition,native_cp_star,native_learned_direction,2.1725422470958144,0.20079765589263188,32
0.1,2,1,transition,oracle_useful_star,generating_direction_oracle,0.31827739856116494,0.00870140732560458,32
0.1,2,1,late,raw,raw,5.008882556616911,0.017551022144278314,32
0.1,2,1,late,ema_q0p9,fixed_uniform_EMA,0.6851541109871635,0.007451399347561813,32
0.1,2,1,late,ema_q0p99,fixed_uniform_EMA,4.604953967279581,0.16063626490154692,32
0.1,2,1,late,ema_q0p999,fixed_uniform_EMA,39.916221422159325,4.64558803686029,32
0.1,2,1,late,dema_q0p9,signed_uniform_DEMA,0.8283149372021547,0.005638486611774273,32
0.1,2,1,late,dema_q0p99,signed_uniform_DEMA,2.372749272074045,0.0490759456703922,32
0.1,2,1,late,dema_q0p999,signed_uniform_DEMA,20.139651619891595,1.3723295240939641,32
0.1,2,1,late,ema_common_steady_oracle,model_based_common_control,0.6581987570408043,0.005631856802063654,32
0.1,2,1,late,common_kalman,model_based_common_control,0.6581987570408043,0.005631856802063659,32
0.1,2,1,late,useful_oracle_kalman,generating_direction_oracle,0.27204406063853404,0.002547720956190322,32
0.1,2,1,late,scalar_k0,scalar_mixture,4.604953967279581,0.16063626490154695,32
0.1,2,1,late,scalar_k0p5,scalar_mixture,1.7106537429079758,0.0414419752455022,32
0.1,2,1,late,scalar_k0p9,scalar_mixture,0.7089570738169224,0.005734279019976341,32
0.1,2,1,late,scalar_k1,scalar_mixture,0.6851541109871635,0.00745139934756181,32
0.1,2,1,late,oracle_useful,generating_direction_oracle,0.49335804074723844,0.007284698881704452,32
0.1,2,1,late,oracle_nuisance,generating_direction_oracle,4.796750037519506,0.16040836636082903,32
0.1,2,1,late,native_i17,native_learned_direction,1.2677614772412114,0.10101296701566105,32
0.1,2,1,late,native_cp,native_learned_direction,1.2398881378071254,0.0998814717453413,32
0.1,2,1,late,native_cp_star,native_learned_direction,1.1819146520923893,0.12369438283392369,32
0.1,2,1,late,oracle_useful_star,generating_direction_oracle,0.29038991678730836,0.002536316687722381,32
