seed,cell,probe,action,B,B_cosine,F,F_cosine,K,J_actual,J_over_zero,U_heldout_ce,heldout_accuracy_change
202609121,clean,majority,native_interleaved,0.08968696853975558,0.2783758911459788,0.07528842983634726,0.2530498813276104,-0.014398538703408322,0.002755195963866523,0.0005014007021476043,0.0024974928068773328,0.004444444444444362
202609121,clean,majority,native_grouped,0.08968696853975558,0.2783758911459788,0.07614880548807067,0.25515173138286,-0.013538163051684912,0.0027591276463272965,0.000505332384608378,0.0024992113092068835,0.004444444444444362
202609121,clean,majority,raw,0.08968696853975558,0.2783758911459788,0.08968696853975558,0.2783758911459788,0.0,0.0028662587812159548,0.0006124635194970363,0.0026584816390979316,0.004444444444444362
202609121,clean,majority,zero,0.08968696853975558,0.2783758911459788,0.0,,-0.08968696853975558,0.0022537952617189185,0.0,0.0021349106759319114,0.003555555555555534
202609121,clean,rare8,native_interleaved,2.200127514247181,0.3851466146394458,2.061639604441721,0.3908108422045072,-0.13848790980545966,-0.007478892165794731,0.02996346084897581,-0.013715291296426457,0.0
202609121,clean,rare8,native_grouped,2.200127514247181,0.3851466146394458,2.1902028113902294,0.4139002739230455,-0.00992470285695136,-0.006108603415066301,0.03133374959970424,-0.012301174126182701,0.0
202609121,clean,rare8,raw,2.200127514247181,0.3851466146394458,2.200127514247181,0.3851466146394458,0.0,-0.006757206852545556,0.030685146162224987,-0.01290771645421529,0.0
202609121,clean,rare8,zero,2.200127514247181,0.3851466146394458,0.0,,-2.200127514247181,-0.037442353014770544,0.0,-0.04428287494793359,0.0
202609121,diffuse,majority,native_interleaved,-0.15923886270806237,-0.09568003947232062,-0.159774444760169,-0.09618466800839488,-0.0005355820521066378,0.0006152112904617461,-0.0016385839712571724,0.0006758131669365453,0.0037777777777776578
202609121,diffuse,majority,native_grouped,-0.15923886270806237,-0.09568003947232062,-0.16361646124018697,-0.09850088712946299,-0.00437759853212459,0.0005826310596244428,-0.0016711642020944759,0.0006752528197117025,0.0037777777777776578
202609121,diffuse,majority,raw,-0.15923886270806237,-0.09568003947232062,-0.15923886270806237,-0.09568003947232062,0.0,0.00058549991865249,-0.0016682953430664285,0.0008131185639030925,0.0040000000000000036
202609121,diffuse,majority,zero,-0.15923886270806237,-0.09568003947232062,0.0,,0.15923886270806237,0.0022537952617189185,0.0,0.0021349106759319114,0.003555555555555534
202609121,diffuse,rare8,native_interleaved,4.769760830913141,0.16163851010141314,4.706769941116163,0.15980761195346493,-0.06299088979697759,0.010788828664510447,0.04823118167928099,-0.00032213205141928825,0.0
202609121,diffuse,rare8,native_grouped,4.769760830913141,0.16163851010141314,4.750791092365718,0.1613076771222253,-0.018969738547421917,0.011441614016476568,0.04888396703124711,0.00042993658767720433,0.0
202609121,diffuse,rare8,raw,4.769760830913141,0.16163851010141314,4.769760830913141,0.16163851010141314,0.0,0.011351436685188943,0.04879378969995948,0.00016759751177275461,0.0
202609121,diffuse,rare8,zero,4.769760830913141,0.16163851010141314,0.0,,-4.769760830913141,-0.037442353014770544,0.0,-0.04428287494793359,0.0
202609122,clean,majority,native_interleaved,0.12057344124836217,0.4089344042495496,0.09453797530819126,0.3461703997698333,-0.026035465940170907,0.003303987768270676,0.0005383153210871587,0.0038468516256946472,-0.0004444444444444695
202609122,clean,majority,native_grouped,0.12057344124836217,0.4089344042495496,0.09736714458023063,0.35270216034607843,-0.023206296668131548,0.003248552467259664,0.0004828800200761471,0.0038481978219387925,-0.0006666666666665932
202609122,clean,majority,raw,0.12057344124836217,0.4089344042495496,0.12057344124836217,0.4089344042495496,0.0,0.0036089199101143957,0.0008432474629308786,0.004028802945882148,-0.0004444444444444695
202609122,clean,majority,zero,0.12057344124836217,0.4089344042495496,0.0,,-0.12057344124836217,0.002765672447183517,0.0,0.0030628968616050467,-0.0006666666666665932
202609122,clean,rare8,native_interleaved,2.5512839337241826,0.44724331529105565,2.2920259247328905,0.43379668455832376,-0.2592580089912921,0.0028350966780831192,0.032858143304555186,0.003498637212352662,0.0
202609122,clean,rare8,native_grouped,2.5512839337241826,0.44724331529105565,2.5428769544818706,0.47610649042373876,-0.008406979242311699,0.007112465195176084,0.037135511821648155,0.007962466993300055,0.0
202609122,clean,rare8,raw,2.5512839337241826,0.44724331529105565,2.5512839337241826,0.44724331529105565,0.0,0.007452475490636004,0.03747552211710807,0.008157916189052372,0.0
202609122,clean,rare8,zero,2.5512839337241826,0.44724331529105565,0.0,,-2.5512839337241826,-0.03002304662647207,0.0,-0.0310393180778199,0.0
202609122,diffuse,majority,native_interleaved,-0.20042556250885873,-0.14970985450969831,-0.20863647371494684,-0.1561650963700723,-0.008210911206088104,0.0012824147158693449,-0.0014832577313141722,0.0019502466233424776,0.0006666666666667043
202609122,diffuse,majority,native_grouped,-0.20042556250885873,-0.14970985450969831,-0.2089572448619981,-0.15640237886963756,-0.008531682353139343,0.0012727493734338946,-0.0014929230737496225,0.0019509559238747864,0.0006666666666667043
202609122,diffuse,majority,raw,-0.20042556250885873,-0.14970985450969831,-0.20042556250885873,-0.14970985450969831,0.0,0.001395966897526264,-0.001369705549657253,0.0020931394242567625,0.0006666666666667043
202609122,diffuse,majority,zero,-0.20042556250885873,-0.14970985450969831,0.0,,0.20042556250885873,0.002765672447183517,0.0,0.0030628968616050467,-0.0006666666666665932
202609122,diffuse,rare8,native_interleaved,4.612977606107938,0.17809908722074777,4.653613931816315,0.18003923579498152,0.04063632570837759,0.03171707386584436,0.06174012049231643,0.03370313121726731,0.0
202609122,diffuse,rare8,native_grouped,4.612977606107938,0.17809908722074777,4.59197360741064,0.17765129368394902,-0.021003998697297382,0.030734848196347864,0.06075789482281993,0.03274105401486871,0.0
202609122,diffuse,rare8,raw,4.612977606107938,0.17809908722074777,4.612977606107938,0.17809908722074777,0.0,0.03092970509569494,0.060952751722167006,0.03285459296280635,0.0
202609122,diffuse,rare8,zero,4.612977606107938,0.17809908722074777,0.0,,-4.612977606107938,-0.03002304662647207,0.0,-0.0310393180778199,0.0
202609123,clean,majority,native_interleaved,0.06470895726899499,0.3052739078896211,0.04744181733831671,0.2511594590521175,-0.017267139930678275,0.0027192507777024887,0.00032201209580454745,0.0019517549864913608,-0.0011111111111110628
202609123,clean,majority,native_grouped,0.06470895726899499,0.3052739078896211,0.049329648906300504,0.2568430860713616,-0.015379308362694482,0.002744599425809943,0.000347360743912002,0.0019477962672712623,-0.0011111111111110628
202609123,clean,majority,raw,0.06470895726899499,0.3052739078896211,0.06470895726899499,0.3052739078896211,0.0,0.0029511896250573057,0.0005539509431593645,0.002109807015404419,-0.0011111111111110628
202609123,clean,majority,zero,0.06470895726899499,0.3052739078896211,0.0,,-0.06470895726899499,0.002397238681897941,0.0,0.0016231055903199176,-0.0011111111111110628
202609123,clean,rare8,native_interleaved,2.14536527438808,0.4305072232016552,1.876101424111116,0.4224725015816408,-0.2692638502769636,0.020518101937399266,0.03311012865060391,0.0223869632094722,0.0
202609123,clean,rare8,native_grouped,2.14536527438808,0.4305072232016552,2.1281542301547836,0.47132108081998664,-0.017211044233295957,0.02415913966507959,0.03675116637828424,0.025786256673239194,0.0
202609123,clean,rare8,raw,2.14536527438808,0.4305072232016552,2.14536527438808,0.4305072232016552,0.0,0.02408931651207323,0.03668134322527787,0.02570978245498523,0.0
202609123,clean,rare8,zero,2.14536527438808,0.4305072232016552,0.0,,-2.14536527438808,-0.012592026713204644,0.0,-0.010354314163095069,0.0
202609123,diffuse,majority,native_interleaved,-0.10114495024153097,-0.07644848123108212,-0.11026324916589424,-0.08350184387726987,-0.009118298924363269,0.0017846752957319113,-0.0006125633861660299,0.000385783193227629,-0.0006666666666667043
202609123,diffuse,majority,native_grouped,-0.10114495024153097,-0.07644848123108212,-0.11122258414392648,-0.08422749067408715,-0.010077633902395512,0.0017736603616511294,-0.0006235783202468118,0.00038190559443207484,-0.0006666666666667043
202609123,diffuse,majority,raw,-0.10114495024153097,-0.07644848123108212,-0.10114495024153097,-0.07644848123108212,0.0,0.0019304525858098024,-0.0004667860960881388,0.0004977469485349939,-0.0006666666666667043
202609123,diffuse,majority,zero,-0.10114495024153097,-0.07644848123108212,0.0,,0.10114495024153097,0.002397238681897941,0.0,0.0016231055903199176,-0.0011111111111110628
202609123,diffuse,rare8,native_interleaved,5.2769753090143325,0.16965381504281787,5.415137579444193,0.17443301442048995,0.13816227042985968,0.04862882614192968,0.06122085285513433,0.04844517840712648,0.0
202609123,diffuse,rare8,native_grouped,5.2769753090143325,0.16965381504281787,5.278159373242705,0.1700189351482583,0.0011840642283717842,0.046846569879379116,0.059438596592583756,0.046806738237419765,0.0
202609123,diffuse,rare8,raw,5.2769753090143325,0.16965381504281787,5.2769753090143325,0.16965381504281787,0.0,0.04725290977318668,0.05984493648639132,0.04723269534172836,0.0
202609123,diffuse,rare8,zero,5.2769753090143325,0.16965381504281787,0.0,,-5.2769753090143325,-0.012592026713204644,0.0,-0.010354314163095069,0.0
